{
  "model_version": "final_ultimate",
  "strategy": "IMPROVE",
  "image_size": 800,
  "mAP50": 0.9825806514608081,
  "mAP50-95": 0.9824433426422172,
  "precision": 0.9465334430038455,
  "recall": 0.941445425890169,
  "training_date": "2026-02-07",
  "epochs_trained": 120,
  "classes": [
    "battery",
    "biological",
    "cardboard",
    "clothes",
    "glass",
    "metal",
    "paper",
    "plastic",
    "shoes",
    "trash"
  ]
}